Price,Close,High,Low,Open,Volume,Signal
Ticker,^STI,^STI,^STI,^STI,^STI,
Date,,,,,,
2015-06-04,3345.0,3361.590087890625,3339.030029296875,3344.1298828125,316871100,0
2015-06-05,3333.669921875,3349.010009765625,3326.840087890625,3345.6298828125,238785300,0
2015-06-08,3320.330078125,3333.989990234375,3318.280029296875,3326.3701171875,173852900,0
2015-06-09,3295.1298828125,3330.320068359375,3295.1298828125,3316.9599609375,281943600,0
2015-06-10,3325.77001953125,3337.1298828125,3294.31005859375,3296.60009765625,219022200,0
2015-06-11,3347.669921875,3358.77001953125,3336.669921875,3338.300048828125,358061700,0
2015-06-12,3353.85009765625,3358.4599609375,3343.81005859375,3350.77001953125,306971100,0
2015-06-15,3323.1298828125,3343.840087890625,3309.489990234375,3338.10009765625,249030500,0
2015-06-16,3298.090087890625,3311.93994140625,3291.06005859375,3311.93994140625,202882300,0
2015-06-17,3325.909912109375,3346.02001953125,3311.800048828125,3315.219970703125,264453200,0
2015-06-18,3300.419921875,3326.050048828125,3299.2900390625,3324.159912109375,168344400,0
2015-06-19,3300.9599609375,3320.2099609375,3299.64990234375,3319.9599609375,205394600,0
2015-06-22,3315.1298828125,3330.590087890625,3311.1201171875,3313.06005859375,174052400,0
2015-06-23,3339.780029296875,3343.830078125,3323.260009765625,3328.389892578125,201304800,0
2015-06-24,3351.330078125,3361.0400390625,3338.739990234375,3348.010009765625,226753400,0
2015-06-25,3349.8701171875,3358.239990234375,3343.469970703125,3346.889892578125,184843100,0
2015-06-26,3320.89990234375,3353.590087890625,3320.06005859375,3346.300048828125,190576300,0
2015-06-29,3280.179931640625,3290.6298828125,3267.679931640625,3277.89990234375,215454000,0
2015-06-30,3317.330078125,3326.239990234375,3281.300048828125,3283.77001953125,270177600,0
2015-07-01,3331.139892578125,3342.0400390625,3311.030029296875,3317.469970703125,165755800,0
2015-07-02,3327.840087890625,3357.949951171875,3326.360107421875,3354.820068359375,173471100,0
2015-07-03,3342.72998046875,3348.300048828125,3328.989990234375,3331.030029296875,131999200,0
2015-07-06,3332.93994140625,3334.7900390625,3307.260009765625,3319.929931640625,174041600,0
2015-07-07,3340.929931640625,3346.47998046875,3327.699951171875,3342.199951171875,204421900,0
2015-07-08,3284.989990234375,3335.3701171875,3274.22998046875,3329.989990234375,349488100,0
2015-07-09,3267.39990234375,3289.280029296875,3249.889892578125,3261.169921875,257116900,0
2015-07-10,3279.8798828125,3291.409912109375,3272.590087890625,3275.0,185123300,0
2015-07-13,3311.219970703125,3316.3701171875,3290.110107421875,3298.280029296875,151685700,0
2015-07-14,3316.5,3330.22998046875,3309.280029296875,3321.590087890625,0,0
2015-07-15,3338.860107421875,3342.330078125,3322.1201171875,3323.280029296875,157448600,0
2015-07-16,3353.449951171875,3358.090087890625,3345.760009765625,3351.4599609375,195164700,0
2015-07-20,3373.47998046875,3376.22998046875,3361.320068359375,3370.0,224756100,0
2015-07-21,3371.409912109375,3383.56005859375,3366.2099609375,3382.9599609375,202014200,0
2015-07-22,3359.169921875,3377.64990234375,3352.56005859375,3369.159912109375,190123400,0
2015-07-23,3356.3701171875,3375.969970703125,3356.3701171875,3371.1201171875,333250900,0
2015-07-24,3352.64990234375,3366.52001953125,3346.860107421875,3360.860107421875,255771100,0
2015-07-27,3313.419921875,3348.830078125,3311.39990234375,3348.820068359375,233175200,0
2015-07-28,3281.090087890625,3306.6298828125,3277.1298828125,3305.260009765625,323690700,0
2015-07-29,3284.0,3299.9599609375,3275.320068359375,3286.75,209558300,0
2015-07-30,3249.52001953125,3284.2900390625,3248.35009765625,3282.199951171875,386411200,0
2015-07-31,3202.5,3217.860107421875,3184.570068359375,3214.639892578125,725642700,0
2015-08-03,3192.7900390625,3217.1298828125,3186.340087890625,3205.590087890625,376860600,0
2015-08-04,3191.0400390625,3193.5400390625,3175.070068359375,3192.330078125,518830800,0
2015-08-05,3191.389892578125,3198.320068359375,3164.6201171875,3179.169921875,431119400,0
2015-08-06,3196.659912109375,3196.659912109375,3180.8701171875,3194.389892578125,226060100,0
2015-08-11,3153.06005859375,3214.5,3148.340087890625,3213.489990234375,644175100,0
2015-08-12,3061.489990234375,3100.85009765625,3057.6201171875,3099.6298828125,503535200,0
2015-08-13,3091.780029296875,3103.489990234375,3063.60009765625,3068.909912109375,331804700,0
2015-08-14,3114.25,3118.52001953125,3092.580078125,3094.89990234375,228618200,0
2015-08-17,3067.35009765625,3116.360107421875,3067.35009765625,3114.56005859375,269270700,0
2015-08-18,3049.64990234375,3084.830078125,3049.64990234375,3076.860107421875,302232500,0
2015-08-19,3041.25,3063.239990234375,3039.139892578125,3056.169921875,364260000,0
2015-08-20,3009.780029296875,3027.35009765625,3000.929931640625,3023.469970703125,280388500,0
2015-08-21,2971.010009765625,2979.639892578125,2947.8701171875,2961.580078125,348683700,0
2015-08-24,2843.389892578125,2918.8701171875,2843.389892578125,2918.239990234375,424998800,0
2015-08-25,2886.2900390625,2926.760009765625,2808.31005859375,2809.550048828125,594979100,1
2015-08-26,2873.0,2905.2900390625,2847.169921875,2859.659912109375,373092100,0
2015-08-27,2945.429931640625,2952.8701171875,2909.780029296875,2915.179931640625,439281700,-1
2015-08-28,2955.93994140625,2999.080078125,2947.3701171875,2984.550048828125,338757700,0
2015-08-31,2921.43994140625,2987.179931640625,2921.43994140625,2987.179931640625,335994700,0
2015-09-01,2882.77001953125,2930.18994140625,2878.110107421875,2915.530029296875,270394000,0
2015-09-02,2878.1298828125,2906.669921875,2877.489990234375,2897.760009765625,252188900,0
2015-09-03,2906.429931640625,2908.580078125,2878.469970703125,2878.93994140625,130165600,0
2015-09-04,2863.81005859375,2893.1201171875,2859.320068359375,2888.889892578125,248801500,0
2015-09-07,2852.409912109375,2865.530029296875,2832.64990234375,2842.280029296875,188827500,1
2015-09-08,2885.320068359375,2892.179931640625,2829.199951171875,2859.93994140625,254863800,0
2015-09-09,2928.179931640625,2931.64990234375,2890.840087890625,2901.070068359375,278849300,-1
2015-09-10,2888.030029296875,2898.14990234375,2868.14990234375,2885.800048828125,194180600,0
2015-09-14,2871.469970703125,2889.10009765625,2871.199951171875,2887.409912109375,223378900,0
2015-09-15,2841.93994140625,2857.139892578125,2837.590087890625,2854.719970703125,434647900,1
2015-09-16,2868.739990234375,2886.85009765625,2855.780029296875,2862.06005859375,309553700,0
2015-09-17,2895.81005859375,2903.580078125,2877.22998046875,2877.590087890625,286434400,0
2015-09-18,2879.590087890625,2919.77001953125,2879.590087890625,2893.2099609375,487388400,-1
2015-09-21,2882.27001953125,2886.389892578125,2854.669921875,2855.0400390625,0,1
2015-09-22,2868.469970703125,2904.97998046875,2862.719970703125,2890.110107421875,0,-1
2015-09-23,2845.739990234375,2860.10009765625,2827.18994140625,2859.580078125,0,1
2015-09-25,2832.639892578125,2841.889892578125,2816.760009765625,2829.679931640625,0,0
2015-09-28,2791.919921875,2829.639892578125,2780.739990234375,2823.090087890625,0,0
2015-09-29,2787.93994140625,2790.60009765625,2740.360107421875,2762.639892578125,0,0
2015-09-30,2790.889892578125,2799.800048828125,2772.260009765625,2778.590087890625,0,0
2015-10-01,2801.85009765625,2820.35009765625,2792.840087890625,2795.39990234375,0,0
2015-10-02,2793.14990234375,2797.31005859375,2765.43994140625,2796.360107421875,0,0
2015-10-05,2851.25,2851.25,2822.280029296875,2826.070068359375,0,0
2015-10-06,2897.409912109375,2899.06005859375,2876.1201171875,2882.5,0,-1
2015-10-07,2961.81005859375,2968.06005859375,2882.85009765625,2897.06005859375,0,0
2015-10-08,2947.030029296875,2983.6201171875,2938.8798828125,2978.030029296875,0,0
2015-10-09,2998.5,3011.6298828125,2963.0,2968.169921875,0,0
2015-10-12,3032.110107421875,3035.669921875,2979.6298828125,2991.590087890625,0,0
2015-10-13,2984.8798828125,3031.139892578125,2984.780029296875,3021.860107421875,0,0
2015-10-14,2983.919921875,3004.080078125,2960.860107421875,2981.239990234375,0,0
2015-10-15,3015.139892578125,3017.39990234375,2994.75,2996.14990234375,0,0
2015-10-16,3030.610107421875,3047.10009765625,3021.47998046875,3032.85009765625,0,0
2015-10-19,3024.5,3032.25,3013.64990234375,3023.530029296875,0,0
2015-10-20,3019.030029296875,3032.919921875,3012.60009765625,3024.820068359375,0,0
2015-10-21,3025.699951171875,3038.830078125,3016.760009765625,3034.699951171875,0,0
2015-10-22,3038.110107421875,3046.39990234375,3025.8701171875,3026.39990234375,0,0
2015-10-23,3068.4599609375,3074.9599609375,3061.64990234375,3070.93994140625,0,0
2015-10-26,3083.070068359375,3104.719970703125,3081.909912109375,3092.31005859375,0,0
2015-10-27,3052.530029296875,3082.280029296875,3049.550048828125,3074.199951171875,0,0
2015-10-28,3040.510009765625,3055.81005859375,3035.760009765625,3043.449951171875,0,0
2015-10-29,3001.510009765625,3059.570068359375,2997.64990234375,3050.60009765625,0,0
2015-10-30,2998.35009765625,3007.530029296875,2975.739990234375,2975.739990234375,0,0
2015-11-02,2974.409912109375,2981.1201171875,2948.419921875,2976.719970703125,0,0
2015-11-03,2999.56005859375,3019.639892578125,2999.56005859375,3001.719970703125,0,0
2015-11-04,3040.47998046875,3041.780029296875,3008.89990234375,3010.85009765625,0,0
2015-11-05,3023.64990234375,3043.85009765625,3017.8701171875,3029.43994140625,0,0
2015-11-06,3010.469970703125,3025.760009765625,3006.510009765625,3022.52001953125,0,0
2015-11-09,2997.719970703125,3022.260009765625,2989.22998046875,3014.800048828125,0,0
2015-11-11,2981.590087890625,3011.97998046875,2980.820068359375,2999.320068359375,0,0
2015-11-12,2959.010009765625,2983.139892578125,2955.35009765625,2973.330078125,0,0
2015-11-13,2925.679931640625,2948.7099609375,2919.10009765625,2938.68994140625,0,0
2015-11-16,2915.72998046875,2923.93994140625,2885.60009765625,2902.909912109375,0,0
2015-11-17,2916.780029296875,2940.860107421875,2910.169921875,2934.3798828125,0,0
2015-11-18,2886.080078125,2909.449951171875,2884.030029296875,2905.5,0,0
2015-11-19,2919.830078125,2932.780029296875,2906.820068359375,2907.1298828125,0,0
2015-11-20,2917.909912109375,2919.02001953125,2892.31005859375,2915.0,0,0
2015-11-23,2903.489990234375,2925.159912109375,2903.489990234375,2924.10009765625,0,0
2015-11-24,2923.489990234375,2939.409912109375,2898.820068359375,2902.7099609375,0,0
2015-11-25,2891.580078125,2928.419921875,2886.889892578125,2926.56005859375,0,0
2015-11-26,2884.68994140625,2903.85009765625,2880.72998046875,2903.320068359375,0,0
2015-11-27,2859.1201171875,2875.989990234375,2843.949951171875,2875.010009765625,0,1
2015-11-30,2855.93994140625,2877.530029296875,2855.93994140625,2871.050048828125,0,0
2015-12-01,2870.260009765625,2881.8701171875,2858.10009765625,2862.7900390625,0,0
2015-12-02,2883.639892578125,2902.800048828125,2880.860107421875,2885.97998046875,0,0
2015-12-03,2883.889892578125,2890.030029296875,2857.489990234375,2864.360107421875,0,0
2015-12-04,2879.050048828125,2879.050048828125,2856.510009765625,2863.320068359375,0,0
2015-12-07,2900.919921875,2911.43994140625,2895.77001953125,2896.8701171875,0,-1
2015-12-08,2876.030029296875,2886.3701171875,2865.639892578125,2885.389892578125,0,0
2015-12-09,2861.18994140625,2874.199951171875,2860.02001953125,2870.639892578125,0,1
2015-12-10,2848.4599609375,2862.10009765625,2841.739990234375,2858.820068359375,0,0
2015-12-11,2834.6298828125,2856.949951171875,2833.929931640625,2850.7099609375,0,0
2015-12-14,2815.0400390625,2821.669921875,2793.389892578125,2819.780029296875,0,0
2015-12-15,2815.52001953125,2833.919921875,2800.7099609375,2808.6298828125,0,0
2015-12-16,2840.919921875,2846.43994140625,2823.639892578125,2833.14990234375,0,0
2015-12-17,2861.179931640625,2868.8701171875,2833.570068359375,2843.699951171875,0,0
2015-12-18,2852.840087890625,2857.389892578125,2831.10009765625,2832.43994140625,0,0
2015-12-21,2845.550048828125,2850.179931640625,2827.75,2830.919921875,0,0
2015-12-22,2852.969970703125,2857.1201171875,2846.419921875,2852.18994140625,0,0
2015-12-23,2863.64990234375,2872.0,2858.659912109375,2859.139892578125,0,0
2015-12-24,2877.6201171875,2885.300048828125,2870.02001953125,2872.330078125,0,0
2015-12-28,2875.320068359375,2889.139892578125,2869.68994140625,2883.800048828125,0,0
2015-12-29,2888.219970703125,2890.85009765625,2877.219970703125,2880.909912109375,0,0
2015-12-30,2885.510009765625,2897.469970703125,2868.81005859375,2894.31005859375,0,-1
2015-12-31,2882.72998046875,2893.320068359375,2879.25,2893.18994140625,0,1
2016-01-04,2835.969970703125,2890.2099609375,2824.93994140625,2889.22998046875,0,0
2016-01-05,2834.22998046875,2846.27001953125,2820.419921875,2836.800048828125,0,0
2016-01-06,2804.27001953125,2844.06005859375,2800.780029296875,2838.56005859375,0,0
2016-01-07,2729.909912109375,2797.590087890625,2726.919921875,2797.179931640625,0,0
2016-01-08,2751.22998046875,2760.889892578125,2697.93994140625,2710.330078125,0,0
2016-01-11,2708.85009765625,2726.56005859375,2690.260009765625,2725.10009765625,0,0
2016-01-12,2691.780029296875,2721.469970703125,2687.909912109375,2709.570068359375,0,0
2016-01-13,2696.5,2717.360107421875,2670.39990234375,2712.68994140625,0,0
2016-01-14,2644.570068359375,2663.510009765625,2642.010009765625,2655.050048828125,0,0
2016-01-15,2630.760009765625,2663.340087890625,2626.81005859375,2656.8701171875,0,0
2016-01-18,2593.0,2604.39990234375,2578.090087890625,2593.60009765625,0,0
2016-01-19,2638.469970703125,2638.469970703125,2582.31005859375,2585.989990234375,0,0
2016-01-20,2559.77001953125,2616.360107421875,2557.840087890625,2612.530029296875,0,0
2016-01-21,2532.699951171875,2601.56005859375,2529.010009765625,2581.110107421875,0,0
2016-01-22,2577.090087890625,2595.010009765625,2549.43994140625,2578.989990234375,0,0
2016-01-25,2582.639892578125,2622.330078125,2580.360107421875,2601.840087890625,0,0
2016-01-26,2545.610107421875,2576.760009765625,2539.739990234375,2565.81005859375,0,0
2016-01-27,2546.179931640625,2584.06005859375,2546.179931640625,2579.139892578125,0,0
2016-01-28,2562.449951171875,2563.820068359375,2540.7099609375,2541.570068359375,0,0
2016-01-29,2629.110107421875,2629.110107421875,2553.780029296875,2569.760009765625,0,0
2016-02-01,2602.409912109375,2644.679931640625,2597.06005859375,2637.050048828125,0,0
2016-02-02,2579.22998046875,2602.360107421875,2578.27001953125,2587.22998046875,0,0
2016-02-03,2550.739990234375,2558.659912109375,2528.43994140625,2551.22998046875,0,0
2016-02-04,2558.489990234375,2579.179931640625,2554.080078125,2561.909912109375,0,0
2016-02-05,2623.2099609375,2623.2099609375,2568.3798828125,2569.080078125,0,0
2016-02-10,2582.10009765625,2582.8701171875,2538.7900390625,2559.639892578125,0,0
2016-02-11,2538.280029296875,2572.010009765625,2537.110107421875,2556.52001953125,0,0
2016-02-12,2539.949951171875,2555.530029296875,2531.7900390625,2536.550048828125,0,0
2016-02-15,2607.89990234375,2613.43994140625,2561.43994140625,2565.949951171875,0,0
2016-02-16,2644.580078125,2656.330078125,2585.530029296875,2602.830078125,0,0
2016-02-17,2613.7900390625,2654.909912109375,2607.14990234375,2652.550048828125,0,-1
2016-02-18,2657.570068359375,2668.219970703125,2643.090087890625,2646.679931640625,0,1
2016-02-19,2656.8701171875,2661.43994140625,2642.840087890625,2660.6201171875,0,-1
2016-02-22,2660.64990234375,2669.3798828125,2652.919921875,2653.7900390625,0,0
2016-02-23,2672.070068359375,2684.7900390625,2665.06005859375,2680.0400390625,0,0
2016-02-24,2619.9599609375,2661.580078125,2614.489990234375,2654.64990234375,0,1
2016-02-25,2603.39990234375,2642.860107421875,2588.830078125,2639.97998046875,0,0
2016-02-26,2649.3798828125,2653.739990234375,2618.360107421875,2626.6298828125,0,0
2016-02-29,2666.510009765625,2667.830078125,2638.75,2666.070068359375,0,-1
2016-03-01,2682.389892578125,2682.389892578125,2654.97998046875,2666.7099609375,0,0
2016-03-02,2726.9599609375,2738.570068359375,2713.139892578125,2718.27001953125,0,0
2016-03-03,2787.6201171875,2787.6201171875,2735.419921875,2735.419921875,0,0
2016-03-04,2837.0,2837.0,2791.820068359375,2792.9599609375,0,0
2016-03-07,2823.510009765625,2850.52001953125,2809.719970703125,2843.659912109375,0,0
2016-03-08,2778.77001953125,2826.75,2773.18994140625,2821.989990234375,0,0
2016-03-09,2810.429931640625,2813.639892578125,2770.260009765625,2783.639892578125,0,0
2016-03-10,2809.1201171875,2829.070068359375,2798.699951171875,2828.139892578125,0,0
2016-03-11,2828.860107421875,2830.469970703125,2789.6298828125,2807.93994140625,0,0
2016-03-14,2847.06005859375,2867.199951171875,2841.510009765625,2849.409912109375,0,0
2016-03-15,2839.43994140625,2857.300048828125,2828.679931640625,2851.919921875,0,0
2016-03-16,2844.2099609375,2854.8701171875,2833.080078125,2845.090087890625,0,0
2016-03-17,2880.169921875,2884.39990234375,2865.81005859375,2872.1298828125,0,0
2016-03-18,2906.800048828125,2906.800048828125,2886.35009765625,2888.75,0,0
2016-03-21,2880.68994140625,2906.260009765625,2867.010009765625,2905.489990234375,0,0
2016-03-22,2880.64990234375,2901.340087890625,2868.949951171875,2884.840087890625,0,0
2016-03-23,2881.97998046875,2895.969970703125,2874.14990234375,2888.669921875,0,0
2016-03-24,2847.389892578125,2875.330078125,2840.239990234375,2875.18994140625,0,0
2016-03-28,2830.2900390625,2855.1201171875,2821.260009765625,2851.389892578125,0,0
2016-03-29,2819.080078125,2836.85009765625,2816.52001953125,2836.419921875,0,0
2016-03-30,2872.780029296875,2874.260009765625,2836.929931640625,2839.659912109375,0,0
2016-03-31,2840.89990234375,2855.449951171875,2831.110107421875,2832.6298828125,0,0
2016-04-01,2818.489990234375,2834.6201171875,2807.8701171875,2820.659912109375,0,1
2016-04-04,2835.35009765625,2846.090087890625,2817.510009765625,2826.419921875,158708700,0
2016-04-05,2800.919921875,2814.5,2783.72998046875,2810.5400390625,0,-1
2016-04-06,2811.25,2817.419921875,2788.800048828125,2798.919921875,0,1
2016-04-07,2813.590087890625,2835.320068359375,2809.56005859375,2817.800048828125,0,-1
2016-04-08,2808.320068359375,2809.2099609375,2783.419921875,2789.590087890625,0,1
2016-04-11,2809.239990234375,2817.56005859375,2794.14990234375,2797.360107421875,0,0
2016-04-12,2814.64990234375,2815.889892578125,2802.64990234375,2810.72998046875,0,0
2016-04-13,2890.409912109375,2890.409912109375,2835.85009765625,2838.179931640625,0,0
2016-04-14,2913.929931640625,2924.239990234375,2909.0400390625,2910.1298828125,0,-1
2016-04-15,2923.93994140625,2925.860107421875,2905.06005859375,2917.35009765625,0,0
2016-04-18,2917.75,2917.75,2892.739990234375,2901.39990234375,0,0
2016-04-19,2951.81005859375,2954.2099609375,2928.699951171875,2930.419921875,0,0
2016-04-20,2949.949951171875,2959.590087890625,2929.7099609375,2955.070068359375,0,0
2016-04-21,2960.780029296875,2964.10009765625,2941.699951171875,2952.1298828125,0,0
2016-04-22,2940.429931640625,2946.110107421875,2930.06005859375,2936.580078125,0,0
2016-04-25,2900.280029296875,2933.260009765625,2886.25,2930.610107421875,0,0
2016-04-26,2894.659912109375,2899.7900390625,2873.52001953125,2888.3798828125,0,1
2016-04-27,2874.719970703125,2892.27001953125,2869.77001953125,2890.409912109375,0,0
2016-04-28,2862.300048828125,2900.25,2857.159912109375,2892.85009765625,0,-1
2016-04-29,2838.52001953125,2860.070068359375,2834.510009765625,2860.070068359375,0,1
2016-05-03,2811.199951171875,2848.89990234375,2806.320068359375,2842.860107421875,0,0
2016-05-04,2773.070068359375,2795.64990234375,2761.929931640625,2786.35009765625,0,0
2016-05-05,2767.81005859375,2773.429931640625,2749.840087890625,2754.639892578125,0,0
2016-05-06,2730.800048828125,2752.179931640625,2722.60009765625,2747.06005859375,0,0
2016-05-09,2766.06005859375,2766.06005859375,2734.31005859375,2745.360107421875,0,0
2016-05-10,2741.14990234375,2763.2900390625,2736.179931640625,2746.469970703125,0,0
2016-05-11,2732.8701171875,2763.449951171875,2720.77001953125,2758.97998046875,0,0
2016-05-12,2745.389892578125,2747.530029296875,2723.919921875,2729.139892578125,0,0
2016-05-13,2734.909912109375,2738.610107421875,2713.469970703125,2735.68994140625,0,0
2016-05-16,2736.06005859375,2741.840087890625,2721.699951171875,2726.31005859375,0,0
2016-05-17,2781.110107421875,2788.64990234375,2744.080078125,2744.260009765625,0,0
2016-05-18,2777.110107421875,2791.179931640625,2759.5,2764.110107421875,0,0
2016-05-19,2740.110107421875,2775.449951171875,2731.47998046875,2771.219970703125,0,0
2016-05-20,2763.820068359375,2768.64990234375,2738.030029296875,2744.3798828125,0,0
2016-05-23,2766.929931640625,2775.3701171875,2740.820068359375,2761.7900390625,0,0
2016-05-24,2750.22998046875,2766.22998046875,2742.64990234375,2760.739990234375,0,0
2016-05-25,2766.659912109375,2790.300048828125,2766.659912109375,2786.179931640625,0,0
2016-05-26,2773.31005859375,2791.4599609375,2772.22998046875,2783.85009765625,0,0
2016-05-27,2802.510009765625,2805.6298828125,2778.219970703125,2782.0400390625,0,0
2016-05-30,2796.75,2807.659912109375,2786.949951171875,2796.14990234375,0,0
2016-05-31,2791.06005859375,2834.0400390625,2791.06005859375,2829.330078125,0,-1
2016-06-01,2790.5400390625,2796.489990234375,2778.64990234375,2787.989990234375,0,1
2016-06-02,2795.090087890625,2806.10009765625,2787.8701171875,2789.14990234375,0,0
2016-06-03,2809.22998046875,2816.260009765625,2803.530029296875,2808.510009765625,0,-1
2016-06-06,2831.280029296875,2833.7900390625,2816.889892578125,2819.070068359375,0,0
2016-06-07,2848.090087890625,2853.639892578125,2840.1201171875,2844.800048828125,0,0
2016-06-08,2862.3798828125,2867.10009765625,2846.5,2857.4599609375,0,0
2016-06-09,2843.800048828125,2881.919921875,2843.800048828125,2871.7900390625,0,0
2016-06-10,2822.969970703125,2851.530029296875,2812.5,2850.050048828125,0,0
2016-06-13,2785.429931640625,2793.300048828125,2771.860107421875,2786.35009765625,0,1
2016-06-14,2768.330078125,2789.06005859375,2763.530029296875,2770.9599609375,0,0
2016-06-15,2774.25,2779.280029296875,2759.02001953125,2760.800048828125,0,0
2016-06-16,2751.56005859375,2770.989990234375,2744.31005859375,2768.949951171875,0,0
2016-06-17,2763.419921875,2774.35009765625,2748.64990234375,2770.6298828125,0,0
2016-06-20,2800.8701171875,2802.25,2782.719970703125,2785.159912109375,0,0
2016-06-21,2789.449951171875,2809.199951171875,2788.639892578125,2801.739990234375,0,-1
2016-06-22,2786.1298828125,2815.219970703125,2786.1298828125,2797.330078125,0,0
2016-06-23,2793.85009765625,2810.43994140625,2793.85009765625,2806.840087890625,0,1
2016-06-24,2735.389892578125,2807.7099609375,2715.760009765625,2807.7099609375,0,0
2016-06-27,2729.85009765625,2750.27001953125,2709.56005859375,2722.159912109375,0,0
2016-06-28,2756.530029296875,2766.570068359375,2703.47998046875,2705.070068359375,0,0
2016-06-29,2792.72998046875,2801.47998046875,2767.43994140625,2769.06005859375,0,0
2016-06-30,2840.929931640625,2880.719970703125,2831.719970703125,2880.719970703125,0,-1
2016-07-01,2846.3701171875,2850.179931640625,2832.550048828125,2848.449951171875,0,0
2016-07-04,2870.56005859375,2874.89990234375,2842.320068359375,2855.360107421875,0,0
2016-07-05,2864.669921875,2873.669921875,2854.159912109375,2870.840087890625,0,0
2016-07-07,2862.169921875,2867.22998046875,2854.2099609375,2859.81005859375,0,0
2016-07-08,2847.0400390625,2862.22998046875,2830.0,2859.469970703125,0,0
2016-07-11,2876.139892578125,2884.580078125,2868.800048828125,2882.280029296875,0,0
2016-07-12,2901.820068359375,2901.820068359375,2878.10009765625,2882.949951171875,0,0
2016-07-13,2910.64990234375,2917.419921875,2899.919921875,2914.7900390625,0,0
2016-07-14,2906.919921875,2913.64990234375,2903.169921875,2910.85009765625,0,0
2016-07-15,2925.35009765625,2939.030029296875,2915.14990234375,2932.35009765625,0,0
2016-07-18,2928.760009765625,2941.14990234375,2923.75,2930.639892578125,0,0
2016-07-19,2919.5400390625,2931.43994140625,2902.409912109375,2927.510009765625,0,0
2016-07-20,2945.739990234375,2953.1298828125,2917.139892578125,2934.72998046875,0,0
2016-07-21,2940.47998046875,2958.89990234375,2936.4599609375,2946.3701171875,0,0
2016-07-22,2945.35009765625,2945.35009765625,2925.050048828125,2925.639892578125,0,0
2016-07-25,2929.85009765625,2955.9599609375,2929.85009765625,2951.340087890625,0,0
2016-07-26,2933.43994140625,2934.02001953125,2902.260009765625,2917.169921875,0,0
2016-07-27,2941.489990234375,2941.760009765625,2924.85009765625,2935.580078125,0,0
2016-07-28,2918.6201171875,2928.85009765625,2911.090087890625,2928.580078125,0,0
2016-07-29,2868.68994140625,2896.18994140625,2865.659912109375,2887.35009765625,0,0
2016-08-01,2892.52001953125,2898.27001953125,2874.3798828125,2875.590087890625,0,1
2016-08-02,2856.669921875,2879.669921875,2847.97998046875,2869.93994140625,0,0
2016-08-03,2827.580078125,2839.429931640625,2810.8798828125,2828.52001953125,0,0
2016-08-04,2831.9599609375,2844.1298828125,2826.35009765625,2839.110107421875,0,0
2016-08-05,2828.169921875,2839.360107421875,2821.610107421875,2837.64990234375,0,0
2016-08-08,2870.780029296875,2884.840087890625,2849.070068359375,2850.860107421875,0,0
2016-08-10,2875.570068359375,2893.340087890625,2869.25,2876.39990234375,0,0
2016-08-11,2869.820068359375,2880.699951171875,2853.2900390625,2858.60009765625,0,0
2016-08-12,2867.39990234375,2883.159912109375,2856.93994140625,2881.340087890625,0,0
2016-08-15,2867.2099609375,2874.320068359375,2855.820068359375,2857.719970703125,0,0
2016-08-16,2858.800048828125,2880.7099609375,2858.800048828125,2879.1201171875,0,0
2016-08-17,2843.35009765625,2859.77001953125,2841.4599609375,2855.570068359375,0,0
2016-08-18,2836.97998046875,2849.5400390625,2830.10009765625,2840.090087890625,0,0
2016-08-19,2844.02001953125,2849.0,2835.56005859375,2848.43994140625,0,0
2016-08-22,2841.18994140625,2847.429931640625,2831.14990234375,2843.760009765625,0,0
2016-08-23,2850.429931640625,2850.429931640625,2834.8701171875,2841.60009765625,0,0
2016-08-24,2869.570068359375,2870.719970703125,2843.1201171875,2845.300048828125,0,0
2016-08-25,2876.929931640625,2879.580078125,2865.919921875,2868.639892578125,0,0
2016-08-26,2857.64990234375,2878.10009765625,2854.1298828125,2876.580078125,0,0
2016-08-29,2829.429931640625,2853.070068359375,2828.820068359375,2844.2099609375,0,0
2016-08-30,2828.389892578125,2846.3798828125,2823.909912109375,2846.179931640625,0,0
2016-08-31,2820.590087890625,2833.419921875,2816.639892578125,2822.679931640625,0,0
2016-09-01,2816.469970703125,2836.22998046875,2809.52001953125,2821.929931640625,0,0
2016-09-02,2803.919921875,2820.030029296875,2795.239990234375,2807.429931640625,0,0
2016-09-05,2851.739990234375,2853.14990234375,2827.31005859375,2828.489990234375,0,0
2016-09-06,2896.550048828125,2905.840087890625,2854.39990234375,2856.469970703125,0,0
2016-09-07,2893.64990234375,2911.840087890625,2887.06005859375,2899.02001953125,0,-1
2016-09-08,2894.47998046875,2898.0400390625,2878.56005859375,2894.3798828125,0,1
2016-09-09,2873.330078125,2880.169921875,2863.469970703125,2878.300048828125,0,0
2016-09-13,2818.3798828125,2847.5,2815.47998046875,2829.409912109375,0,0
2016-09-14,2809.35009765625,2822.389892578125,2800.070068359375,2819.340087890625,0,0
2016-09-15,2805.52001953125,2809.550048828125,2791.3798828125,2798.429931640625,0,0
2016-09-16,2827.449951171875,2832.0400390625,2810.429931640625,2810.429931640625,0,0
2016-09-19,2852.139892578125,2852.139892578125,2824.8798828125,2830.669921875,0,0
2016-09-20,2854.68994140625,2854.68994140625,2840.949951171875,2844.320068359375,0,0
2016-09-21,2850.739990234375,2859.429931640625,2837.47998046875,2845.280029296875,0,0
2016-09-22,2846.06005859375,2876.35009765625,2836.5,2876.35009765625,0,-1
2016-09-23,2856.949951171875,2860.8798828125,2826.60009765625,2853.64990234375,0,1
2016-09-26,2849.93994140625,2857.0,2840.64990234375,2851.739990234375,0,0
2016-09-27,2860.22998046875,2865.699951171875,2831.8701171875,2833.0400390625,0,0
2016-09-28,2858.010009765625,2866.219970703125,2849.820068359375,2863.3798828125,0,0
2016-09-29,2885.7099609375,2885.7099609375,2868.080078125,2870.090087890625,0,0
2016-09-30,2869.469970703125,2869.469970703125,2847.300048828125,2859.699951171875,0,0
2016-10-03,2870.840087890625,2888.330078125,2861.949951171875,2879.85009765625,0,0
2016-10-04,2884.639892578125,2885.14990234375,2870.659912109375,2871.169921875,0,0
2016-10-05,2881.7900390625,2891.239990234375,2870.449951171875,2871.489990234375,0,0
2016-10-06,2885.219970703125,2901.72998046875,2883.909912109375,2896.550048828125,0,-1
2016-10-07,2875.239990234375,2891.530029296875,2867.530029296875,2890.68994140625,0,1
2016-10-10,2870.239990234375,2874.550048828125,2863.330078125,2869.85009765625,0,0
2016-10-11,2856.1298828125,2876.8798828125,2849.1201171875,2872.7900390625,0,0
2016-10-12,2813.7099609375,2844.85009765625,2813.7099609375,2841.0400390625,0,0
2016-10-13,2805.47998046875,2808.669921875,2783.330078125,2805.169921875,0,0
2016-10-14,2815.239990234375,2817.260009765625,2803.820068359375,2805.050048828125,0,0
2016-10-17,2817.070068359375,2817.070068359375,2793.550048828125,2811.419921875,0,0
2016-10-18,2830.6298828125,2830.7099609375,2814.909912109375,2815.72998046875,0,0
2016-10-19,2844.6201171875,2844.6201171875,2824.800048828125,2830.070068359375,0,0
2016-10-20,2842.6201171875,2856.64990234375,2834.85009765625,2853.820068359375,0,0
2016-10-21,2831.06005859375,2842.7900390625,2818.8701171875,2842.4599609375,0,0
2016-10-24,2856.679931640625,2857.260009765625,2834.070068359375,2842.4599609375,0,0
2016-10-25,2854.050048828125,2860.739990234375,2851.260009765625,2854.360107421875,0,0
2016-10-26,2828.570068359375,2846.68994140625,2825.070068359375,2845.530029296875,0,0
2016-10-27,2828.93994140625,2836.9599609375,2820.820068359375,2831.139892578125,0,0
2016-10-28,2816.260009765625,2825.639892578125,2806.31005859375,2823.7099609375,0,0
2016-10-31,2813.8701171875,2821.669921875,2794.85009765625,2795.1298828125,0,0
2016-11-01,2813.68994140625,2832.3701171875,2811.679931640625,2814.080078125,0,0
2016-11-02,2807.139892578125,2813.10009765625,2796.7099609375,2799.1298828125,0,0
2016-11-03,2802.080078125,2807.610107421875,2789.56005859375,2801.60009765625,0,0
2016-11-04,2788.800048828125,2799.570068359375,2784.260009765625,2797.6298828125,0,0
2016-11-07,2800.949951171875,2815.429931640625,2793.449951171875,2800.530029296875,0,0
2016-11-08,2820.239990234375,2825.18994140625,2798.989990234375,2813.909912109375,0,0
2016-11-09,2789.8798828125,2838.260009765625,2760.969970703125,2837.0,0,0
2016-11-10,2834.090087890625,2839.969970703125,2819.89990234375,2822.8701171875,0,0
2016-11-11,2814.60009765625,2836.35009765625,2803.85009765625,2822.1201171875,0,0
2016-11-14,2787.27001953125,2809.6298828125,2780.9599609375,2807.340087890625,0,0
2016-11-15,2797.550048828125,2808.2099609375,2778.070068359375,2778.72998046875,0,0
2016-11-16,2793.989990234375,2819.39990234375,2793.639892578125,2803.6298828125,0,0
2016-11-17,2813.47998046875,2818.909912109375,2795.469970703125,2797.929931640625,0,0
2016-11-18,2838.64990234375,2840.4599609375,2814.110107421875,2817.449951171875,0,0
2016-11-21,2816.669921875,2839.60009765625,2816.669921875,2836.89990234375,0,0
2016-11-22,2822.199951171875,2839.949951171875,2822.199951171875,2835.909912109375,0,0
2016-11-23,2839.68994140625,2841.389892578125,2828.550048828125,2834.110107421875,0,0
2016-11-24,2843.719970703125,2852.340087890625,2813.780029296875,2834.39990234375,0,0
2016-11-25,2859.330078125,2870.389892578125,2844.35009765625,2845.469970703125,0,0
2016-11-28,2874.64990234375,2889.85009765625,2862.14990234375,2864.110107421875,0,-1
2016-11-29,2879.139892578125,2882.110107421875,2867.8701171875,2881.780029296875,0,0
2016-11-30,2905.169921875,2915.419921875,2894.989990234375,2915.419921875,0,0
2016-12-01,2928.580078125,2928.580078125,2912.22998046875,2913.64990234375,0,0
2016-12-02,2919.3701171875,2933.330078125,2914.889892578125,2930.340087890625,0,0
2016-12-05,2943.050048828125,2943.260009765625,2914.679931640625,2918.889892578125,0,0
2016-12-06,2949.1201171875,2955.169921875,2941.6201171875,2943.300048828125,0,0
2016-12-07,2959.840087890625,2961.39990234375,2948.489990234375,2957.419921875,0,0
2016-12-08,2958.860107421875,2980.77001953125,2956.030029296875,2965.330078125,0,0
2016-12-09,2956.1298828125,2964.97998046875,2949.8701171875,2957.530029296875,0,0
2016-12-12,2952.18994140625,2965.3701171875,2937.14990234375,2960.1201171875,0,0
2016-12-13,2955.22998046875,2956.97998046875,2939.56005859375,2952.840087890625,0,0
2016-12-14,2954.06005859375,2969.010009765625,2952.75,2963.280029296875,0,0
2016-12-15,2930.77001953125,2943.7900390625,2921.989990234375,2938.14990234375,0,0
2016-12-16,2937.860107421875,2942.47998046875,2930.320068359375,2934.2900390625,0,0
2016-12-19,2913.080078125,2931.679931640625,2910.530029296875,2930.010009765625,0,0
2016-12-20,2911.31005859375,2925.280029296875,2903.469970703125,2917.110107421875,0,0
2016-12-21,2901.699951171875,2924.419921875,2901.699951171875,2912.3798828125,0,0
2016-12-22,2882.0400390625,2902.800048828125,2874.179931640625,2899.64990234375,0,0
2016-12-23,2871.050048828125,2877.8798828125,2866.169921875,2869.449951171875,0,1
2016-12-27,2885.760009765625,2887.580078125,2857.909912109375,2861.60009765625,0,0
2016-12-28,2898.300048828125,2900.419921875,2884.550048828125,2885.679931640625,0,0
2016-12-29,2889.14990234375,2891.219970703125,2878.179931640625,2885.159912109375,0,0
2016-12-30,2880.760009765625,2903.35009765625,2880.760009765625,2898.260009765625,0,-1
